Domain,RiskLevel@0.3,RiskLevel@0.4,RiskLevel@0.5,RiskLevel@0.6,RiskLevel@0.7,RiskLevel@0.8,Score@0.3,Score@0.4,Score@0.5,Score@0.6,Score@0.7,Score@0.8,Stabil?
diskominfo.sumbawakab.go.id,LOW,LOW,LOW,LOW,MEDIUM,MEDIUM,85,80,75,70,65,60,Tidak
diskominfotik.sumbawakab.go.id,HIGH,HIGH,CRITICAL,CRITICAL,CRITICAL,CRITICAL,36,33,30,27,24,21,Tidak
bappeda.sumbawakab.go.id,HIGH,CRITICAL,CRITICAL,CRITICAL,CRITICAL,CRITICAL,33,31,28,26,23,20,Tidak
bkad.sumbawakab.go.id,HIGH,HIGH,CRITICAL,CRITICAL,CRITICAL,CRITICAL,36,33,30,27,24,21,Tidak
bpbd.sumbawakab.go.id,HIGH,HIGH,CRITICAL,CRITICAL,CRITICAL,CRITICAL,36,33,30,27,24,21,Tidak
dukcapil.sumbawakab.go.id,HIGH,HIGH,CRITICAL,CRITICAL,CRITICAL,CRITICAL,36,33,30,27,24,21,Tidak
dp2kbp3a.sumbawakab.go.id,HIGH,HIGH,CRITICAL,CRITICAL,CRITICAL,CRITICAL,36,33,30,27,24,21,Tidak
dikes.sumbawakab.go.id,HIGH,HIGH,CRITICAL,CRITICAL,CRITICAL,CRITICAL,36,33,30,27,24,21,Tidak
disketapang.sumbawakab.go.id,HIGH,HIGH,CRITICAL,CRITICAL,CRITICAL,CRITICAL,36,33,30,27,24,21,Tidak
dinaslh.sumbawakab.go.id,HIGH,HIGH,CRITICAL,CRITICAL,CRITICAL,CRITICAL,36,33,30,27,24,21,Tidak
dishub.sumbawakab.go.id,HIGH,HIGH,CRITICAL,CRITICAL,CRITICAL,CRITICAL,36,33,30,27,24,21,Tidak
distani.sumbawakab.go.id,HIGH,HIGH,CRITICAL,CRITICAL,CRITICAL,CRITICAL,36,33,30,27,24,21,Tidak
disnakkeswan.sumbawakab.go.id,HIGH,HIGH,CRITICAL,CRITICAL,CRITICAL,CRITICAL,36,33,30,27,24,21,Tidak
dislutkan.sumbawakab.go.id,HIGH,HIGH,CRITICAL,CRITICAL,CRITICAL,CRITICAL,36,33,30,27,24,21,Tidak
dkukmindag.sumbawakab.go.id,HIGH,HIGH,CRITICAL,CRITICAL,CRITICAL,CRITICAL,36,33,30,27,24,21,Tidak
dpmd.sumbawakab.go.id,HIGH,HIGH,CRITICAL,CRITICAL,CRITICAL,CRITICAL,36,33,30,27,24,21,Tidak
pmptsp.sumbawakab.go.id,HIGH,HIGH,CRITICAL,CRITICAL,CRITICAL,CRITICAL,36,33,30,27,24,21,Tidak
inspektorat.sumbawakab.go.id,CRITICAL,CRITICAL,CRITICAL,CRITICAL,CRITICAL,CRITICAL,31,29,26,24,22,20,Ya
kesbangpol.sumbawakab.go.id,HIGH,HIGH,CRITICAL,CRITICAL,CRITICAL,CRITICAL,36,33,30,27,24,21,Tidak
disnakertrans.sumbawakab.go.id,HIGH,HIGH,CRITICAL,CRITICAL,CRITICAL,CRITICAL,36,33,30,27,24,21,Tidak
disporapar.sumbawakab.go.id,HIGH,HIGH,CRITICAL,CRITICAL,CRITICAL,CRITICAL,36,33,30,27,24,21,Tidak
damkar.sumbawakab.go.id,HIGH,HIGH,CRITICAL,CRITICAL,CRITICAL,CRITICAL,36,33,30,27,24,21,Tidak
prkp.sumbawakab.go.id,HIGH,HIGH,CRITICAL,CRITICAL,CRITICAL,CRITICAL,36,33,30,27,24,21,Tidak
rsud.sumbawakab.go.id,LOW,LOW,LOW,LOW,MEDIUM,MEDIUM,85,80,75,70,65,60,Tidak
satpolpp.sumbawakab.go.id,HIGH,HIGH,CRITICAL,CRITICAL,CRITICAL,CRITICAL,36,33,30,27,24,21,Tidak
setda.sumbawakab.go.id,HIGH,HIGH,CRITICAL,CRITICAL,CRITICAL,CRITICAL,36,33,30,27,24,21,Tidak
setwan.sumbawakab.go.id,HIGH,CRITICAL,CRITICAL,CRITICAL,CRITICAL,CRITICAL,33,31,28,26,23,20,Tidak
upt-lablh.sumbawakab.go.id,HIGH,HIGH,CRITICAL,CRITICAL,CRITICAL,CRITICAL,36,33,30,27,24,21,Tidak
ppid.sumbawakab.go.id,LOW,LOW,LOW,LOW,MEDIUM,MEDIUM,85,80,75,70,65,60,Tidak
kec-sumbawa.sumbawakab.go.id,HIGH,HIGH,CRITICAL,CRITICAL,CRITICAL,CRITICAL,36,33,30,27,24,21,Tidak
bpkad.sumbawakab.go.id,LOW,LOW,LOW,LOW,MEDIUM,MEDIUM,85,80,75,70,65,60,Tidak
pesta-kawa.sumbawakab.go.id,MEDIUM,MEDIUM,HIGH,HIGH,HIGH,HIGH,51,48,45,42,39,36,Tidak
dprd.sumbawakab.go.id,LOW,LOW,LOW,LOW,MEDIUM,MEDIUM,85,80,75,70,65,60,Tidak
esamsatkotasumbawa.org,LOW,LOW,LOW,LOW,MEDIUM,MEDIUM,85,80,75,70,65,60,Tidak
www.pajak.go.id,LOW,LOW,LOW,LOW,MEDIUM,MEDIUM,85,80,75,70,65,60,Tidak
web.disdikbud.sumbawakab.go.id,CRITICAL,CRITICAL,CRITICAL,CRITICAL,CRITICAL,CRITICAL,31,29,26,24,22,20,Ya
kab-sumbawa.kpu.go.id,MEDIUM,MEDIUM,HIGH,HIGH,HIGH,HIGH,51,48,45,42,39,36,Tidak
portal.uts.ac.id,HIGH,HIGH,CRITICAL,CRITICAL,CRITICAL,CRITICAL,35,32,29,26,24,21,Tidak
mbkm.uts.ac.id,CRITICAL,CRITICAL,CRITICAL,CRITICAL,CRITICAL,CRITICAL,31,29,26,24,22,20,Ya
samawa-university.ac.id,CRITICAL,CRITICAL,CRITICAL,CRITICAL,CRITICAL,CRITICAL,31,29,26,24,22,20,Ya
staissumbawa.sevimaplatform.com,MEDIUM,MEDIUM,HIGH,HIGH,HIGH,HIGH,51,48,45,42,39,36,Tidak
desa-pulaubungin.sumbawakab.go.id,HIGH,HIGH,CRITICAL,CRITICAL,CRITICAL,CRITICAL,35,32,29,27,24,21,Tidak
desa-sebewe.sumbawakab.go.id,HIGH,HIGH,CRITICAL,CRITICAL,CRITICAL,CRITICAL,35,32,29,26,24,21,Tidak
desa-brangkolong.sumbawakab.go.id,MEDIUM,MEDIUM,HIGH,HIGH,HIGH,HIGH,51,48,45,42,39,36,Tidak
desa-poto.sumbawakab.go.id,MEDIUM,MEDIUM,HIGH,HIGH,HIGH,HIGH,51,48,45,42,39,36,Tidak
desa-perung.sumbawakab.go.id,MEDIUM,MEDIUM,HIGH,HIGH,HIGH,HIGH,51,48,45,42,39,36,Tidak
desa-pelat.sumbawakab.go.id,MEDIUM,MEDIUM,HIGH,HIGH,HIGH,HIGH,51,48,45,42,39,36,Tidak
desa-semamung.sumbawakab.go.id,MEDIUM,MEDIUM,HIGH,HIGH,HIGH,HIGH,51,48,45,42,39,36,Tidak
desa-moyomekar.sumbawakab.go.id,HIGH,HIGH,CRITICAL,CRITICAL,CRITICAL,CRITICAL,36,33,30,27,24,21,Tidak
desa-batutering.sumbawakab.go.id,MEDIUM,MEDIUM,HIGH,HIGH,HIGH,HIGH,51,48,45,42,39,36,Tidak
desa-barutahan.sumbawakab.go.id,MEDIUM,MEDIUM,HIGH,HIGH,HIGH,HIGH,51,48,45,42,39,36,Tidak
smanika-sumbawabesar.sch.id,CRITICAL,CRITICAL,CRITICAL,CRITICAL,CRITICAL,CRITICAL,31,29,26,24,22,20,Ya
sman2sumbawabesar.sch.id,LOW,LOW,LOW,LOW,MEDIUM,MEDIUM,85,80,75,70,65,60,Tidak
sman3sumbawa.sch.id,LOW,LOW,LOW,LOW,MEDIUM,MEDIUM,85,80,75,70,65,60,Tidak
sman4sumbawabesar.sch.id,CRITICAL,CRITICAL,CRITICAL,CRITICAL,CRITICAL,CRITICAL,14,12,10,8,6,4,Ya
smkn2sumbawabesar.sch.id,MEDIUM,MEDIUM,HIGH,HIGH,HIGH,HIGH,52,49,46,44,41,38,Tidak
jorok-utan.desa.id,HIGH,CRITICAL,CRITICAL,CRITICAL,CRITICAL,CRITICAL,34,31,28,26,23,21,Tidak
desa-semamung.sumbawakab.go.id,MEDIUM,MEDIUM,HIGH,HIGH,HIGH,HIGH,51,48,45,42,39,36,Tidak
kesultanansumbawa.id,MEDIUM,MEDIUM,HIGH,HIGH,HIGH,HIGH,51,48,45,42,39,36,Tidak
kabarsumbawa.com,LOW,LOW,LOW,LOW,MEDIUM,MEDIUM,86,81,76,72,67,62,Tidak
mediasumbawa.com,LOW,LOW,LOW,LOW,MEDIUM,MEDIUM,85,80,75,70,65,60,Tidak
sumbawanews.com,CRITICAL,CRITICAL,CRITICAL,CRITICAL,CRITICAL,CRITICAL,15,13,10,8,6,4,Ya
samawarea.com,LOW,LOW,LOW,LOW,MEDIUM,MEDIUM,85,80,75,70,65,60,Tidak
suarasumbawa.com,LOW,LOW,LOW,LOW,MEDIUM,MEDIUM,85,80,75,70,65,60,Tidak
